Data Number, Sampling Frequency (Hz), Vrms (V)             , Gain  , Bandwidth (Hz), Estimated Boltzmann Constant
          1,                     1.0, 0.0008644443301913666, 2201.0,            0.5, 1.1685842912448644e-22
          2,                   100.0, 0.0006154803002533874, 2201.0,           50.0, 5.923989739532672e-25
          3,                   500.0, 0.0006399999999999999, 2201.0,          250.0, 1.281079044872752e-25
          4,                    25.0, 0.001297850530685256 , 2201.0,           12.5, 1.0536474806876869e-23
          5,                   250.0, 0.0008715503427800371, 2201.0,          125.0, 4.751502160572963e-25
          6,                    50.0, 0.0004960483847368118, 2201.0,           25.0, 7.69598227777268e-25
          7,                    50.0, 0.0008697125962063562, 2201.0,           25.0, 2.3657426502484138e-24
          8,                    50.0, 0.0008182322408705246, 2201.0,           25.0, 2.0939637325646666e-24