{
    "For Dark (No light)": {
        "V_DC(in Volts)": [
            0.1,
            0.2,
            0.3,
            0.4,
            0.5,
            0.6,
            0.7,
            0.8,
            0.9,
            1.0,
            1.1,
            1.2,
            1.3,
            1.4,
            1.5
        ],
        "V_DUT(in Volts)": [
            -0.163,
            -0.198,
            -0.309,
            -0.463,
            -0.54,
            -0.614,
            -0.71,
            -0.816,
            -0.95,
            -0.995,
            -1.142,
            -1.249,
            -1.294,
            -1.425,
            -1.495
        ],
        "V_out(in milliVolts)": [
            28.5,
            28.3,
            27.7,
            27.0,
            26.7,
            26.4,
            26.0,
            25.7,
            25.2,
            25.1,
            24.6,
            24.3,
            24.2,
            23.8,
            23.6
        ],
        "C_DUT": [
            1.0363570932556007e-09,
            8.471755512101295e-10,
            5.313411584350608e-10,
            3.4564871110741527e-10,
            2.93068856761384e-10,
            2.5485181117192416e-10,
            2.170536872358407e-10,
            1.866788570414963e-10,
            1.57227715466545e-10,
            1.4952121222380816e-10,
            1.276794995709684e-10,
            1.1531770850156921e-10,
            1.1084937742498557e-10,
            9.89952282567135e-11,
            9.356705899983912e-11
        ]
    },
    "For Ambient light": {
        "V_DC(in Volts)": [
            1.5,
            1.4,
            1.3,
            1.2,
            1.1,
            1.0,
            0.9,
            0.8,
            0.7,
            0.6,
            0.5,
            0.4,
            0.3,
            0.2
        ],
        "V_DUT(in Volts)": [
            -1.527,
            -1.437,
            -1.349,
            -1.231,
            -1.147,
            -1.049,
            -0.925,
            -0.842,
            -0.754,
            -0.651,
            -0.535,
            -0.454,
            -0.37,
            -0.253
        ],
        "V_out(in milliVolts)": [
            69.8,
            70.1,
            70.3,
            70.9,
            71.1,
            71.4,
            72.1,
            72.7,
            73.3,
            74.1,
            76.0,
            77.6,
            79.1,
            81.6
        ],
        "C_DUT": [
            2.7093714755009303e-10,
            2.8914348984034647e-10,
            3.0888409337408093e-10,
            3.4138178971958327e-10,
            3.674162425508843e-10,
            4.0343622573636827e-10,
            4.620039627147575e-10,
            5.117696041500268e-10,
            5.762153154873932e-10,
            6.746668757630162e-10,
            8.419997816855471e-10,
            1.0131133473352996e-09,
            1.267146790940961e-09,
            1.9117090945113505e-09
        ]
    },
    "With Red Filter": {
        "V_DC(in Volts)": [
            0.5,
            0.6,
            0.7,
            0.8,
            0.9,
            1.0,
            1.1,
            1.2,
            1.3,
            1.4,
            1.5,
            1.6,
            1.7
        ],
        "V_DUT(in Volts)": [
            -0.523,
            -0.609,
            -0.71,
            -0.814,
            -0.95,
            -1.043,
            -1.108,
            -1.218,
            -1.347,
            -1.414,
            -1.547,
            -1.634,
            -1.718
        ],
        "V_OUT(in milliVolts)": [
            56.5,
            55.8,
            55.1,
            54.5,
            53.6,
            52.9,
            52.7,
            52.0,
            51.3,
            50.9,
            50.3,
            49.4,
            48.9
        ],
        "C_DUT": [
            6.403227433053206e-10,
            5.430865846223023e-10,
            4.599868525651854e-10,
            3.9684806405173193e-10,
            3.3442085511931796e-10,
            3.0062391912718273e-10,
            2.8191814132544607e-10,
            2.530510967774169e-10,
            2.257365784418658e-10,
            2.1336370370514759e-10,
            1.927213547872701e-10,
            1.7919548597377546e-10,
            1.6870885123894404e-10
        ]
    },
    "Frequency (in kHz)": 5,
    "R_F (in Kilo ohms": 10,
    "C_F (in nF)": 5
}